Date,Code,Description,Unit of Measure,Value
1970/01,KBP5357M,London gold price in US dollar,[object Object],34.94
1970/02,KBP5357M,London gold price in US dollar,[object Object],34.99
1970/03,KBP5357M,London gold price in US dollar,[object Object],35.09
1970/04,KBP5357M,London gold price in US dollar,[object Object],35.62
1970/05,KBP5357M,London gold price in US dollar,[object Object],35.95
1970/06,KBP5357M,London gold price in US dollar,[object Object],35.43
1970/07,KBP5357M,London gold price in US dollar,[object Object],35.32
1970/08,KBP5357M,London gold price in US dollar,[object Object],35.37
1970/09,KBP5357M,London gold price in US dollar,[object Object],36.20
1970/10,KBP5357M,London gold price in US dollar,[object Object],37.47
1970/11,KBP5357M,London gold price in US dollar,[object Object],37.45
1970/12,KBP5357M,London gold price in US dollar,[object Object],37.43
1971/01,KBP5357M,London gold price in US dollar,[object Object],37.87
1971/02,KBP5357M,London gold price in US dollar,[object Object],38.73
1971/03,KBP5357M,London gold price in US dollar,[object Object],38.87
1971/04,KBP5357M,London gold price in US dollar,[object Object],38.97
1971/05,KBP5357M,London gold price in US dollar,[object Object],40.50
1971/06,KBP5357M,London gold price in US dollar,[object Object],40.10
1971/07,KBP5357M,London gold price in US dollar,[object Object],40.94
1971/08,KBP5357M,London gold price in US dollar,[object Object],42.72
1971/09,KBP5357M,London gold price in US dollar,[object Object],42.00
1971/10,KBP5357M,London gold price in US dollar,[object Object],42.49
1971/11,KBP5357M,London gold price in US dollar,[object Object],42.85
1971/12,KBP5357M,London gold price in US dollar,[object Object],43.47
1972/01,KBP5357M,London gold price in US dollar,[object Object],45.70
1972/02,KBP5357M,London gold price in US dollar,[object Object],48.26
1972/03,KBP5357M,London gold price in US dollar,[object Object],48.33
1972/04,KBP5357M,London gold price in US dollar,[object Object],49.03
1972/05,KBP5357M,London gold price in US dollar,[object Object],54.56
1972/06,KBP5357M,London gold price in US dollar,[object Object],62.13
1972/07,KBP5357M,London gold price in US dollar,[object Object],65.61
1972/08,KBP5357M,London gold price in US dollar,[object Object],66.98
1972/09,KBP5357M,London gold price in US dollar,[object Object],65.53
1972/10,KBP5357M,London gold price in US dollar,[object Object],64.85
1972/11,KBP5357M,London gold price in US dollar,[object Object],62.82
1972/12,KBP5357M,London gold price in US dollar,[object Object],63.84
1973/01,KBP5357M,London gold price in US dollar,[object Object],65.13
1973/02,KBP5357M,London gold price in US dollar,[object Object],74.08
1973/03,KBP5357M,London gold price in US dollar,[object Object],84.24
1973/04,KBP5357M,London gold price in US dollar,[object Object],90.47
1973/05,KBP5357M,London gold price in US dollar,[object Object],101.96
1973/06,KBP5357M,London gold price in US dollar,[object Object],119.96
1973/07,KBP5357M,London gold price in US dollar,[object Object],120.26
1973/08,KBP5357M,London gold price in US dollar,[object Object],106.49
1973/09,KBP5357M,London gold price in US dollar,[object Object],103.00
1973/10,KBP5357M,London gold price in US dollar,[object Object],100.00
1973/11,KBP5357M,London gold price in US dollar,[object Object],94.78
1973/12,KBP5357M,London gold price in US dollar,[object Object],106.48
1974/01,KBP5357M,London gold price in US dollar,[object Object],129.11
1974/02,KBP5357M,London gold price in US dollar,[object Object],150.62
1974/03,KBP5357M,London gold price in US dollar,[object Object],168.36
1974/04,KBP5357M,London gold price in US dollar,[object Object],172.23
1974/05,KBP5357M,London gold price in US dollar,[object Object],163.42
1974/06,KBP5357M,London gold price in US dollar,[object Object],154.06
1974/07,KBP5357M,London gold price in US dollar,[object Object],142.63
1974/08,KBP5357M,London gold price in US dollar,[object Object],154.54
1974/09,KBP5357M,London gold price in US dollar,[object Object],151.77
1974/10,KBP5357M,London gold price in US dollar,[object Object],158.65
1974/11,KBP5357M,London gold price in US dollar,[object Object],181.56
1974/12,KBP5357M,London gold price in US dollar,[object Object],183.34
1975/01,KBP5357M,London gold price in US dollar,[object Object],176.57
1975/02,KBP5357M,London gold price in US dollar,[object Object],179.57
1975/03,KBP5357M,London gold price in US dollar,[object Object],178.18
1975/04,KBP5357M,London gold price in US dollar,[object Object],169.95
1975/05,KBP5357M,London gold price in US dollar,[object Object],167.34
1975/06,KBP5357M,London gold price in US dollar,[object Object],164.24
1975/07,KBP5357M,London gold price in US dollar,[object Object],165.02
1975/08,KBP5357M,London gold price in US dollar,[object Object],163.08
1975/09,KBP5357M,London gold price in US dollar,[object Object],144.20
1975/10,KBP5357M,London gold price in US dollar,[object Object],142.72
1975/11,KBP5357M,London gold price in US dollar,[object Object],142.49
1975/12,KBP5357M,London gold price in US dollar,[object Object],139.29
1976/01,KBP5357M,London gold price in US dollar,[object Object],131.59
1976/02,KBP5357M,London gold price in US dollar,[object Object],131.01
1976/03,KBP5357M,London gold price in US dollar,[object Object],132.63
1976/04,KBP5357M,London gold price in US dollar,[object Object],127.93
1976/05,KBP5357M,London gold price in US dollar,[object Object],126.92
1976/06,KBP5357M,London gold price in US dollar,[object Object],125.70
1976/07,KBP5357M,London gold price in US dollar,[object Object],117.81
1976/08,KBP5357M,London gold price in US dollar,[object Object],109.99
1976/09,KBP5357M,London gold price in US dollar,[object Object],114.12
1976/10,KBP5357M,London gold price in US dollar,[object Object],116.12
1976/11,KBP5357M,London gold price in US dollar,[object Object],130.40
1976/12,KBP5357M,London gold price in US dollar,[object Object],133.78
1977/01,KBP5357M,London gold price in US dollar,[object Object],132.29
1977/02,KBP5357M,London gold price in US dollar,[object Object],136.23
1977/03,KBP5357M,London gold price in US dollar,[object Object],148.28
1977/04,KBP5357M,London gold price in US dollar,[object Object],149.18
1977/05,KBP5357M,London gold price in US dollar,[object Object],146.57
1977/06,KBP5357M,London gold price in US dollar,[object Object],140.73
1977/07,KBP5357M,London gold price in US dollar,[object Object],143.39
1977/08,KBP5357M,London gold price in US dollar,[object Object],144.98
1977/09,KBP5357M,London gold price in US dollar,[object Object],149.43
1977/10,KBP5357M,London gold price in US dollar,[object Object],158.86
1977/11,KBP5357M,London gold price in US dollar,[object Object],162.12
1977/12,KBP5357M,London gold price in US dollar,[object Object],160.46
1978/01,KBP5357M,London gold price in US dollar,[object Object],173.19
1978/02,KBP5357M,London gold price in US dollar,[object Object],178.26
1978/03,KBP5357M,London gold price in US dollar,[object Object],183.72
1978/04,KBP5357M,London gold price in US dollar,[object Object],175.30
1978/05,KBP5357M,London gold price in US dollar,[object Object],176.25
1978/06,KBP5357M,London gold price in US dollar,[object Object],183.76
1978/07,KBP5357M,London gold price in US dollar,[object Object],188.65
1978/08,KBP5357M,London gold price in US dollar,[object Object],206.03
1978/09,KBP5357M,London gold price in US dollar,[object Object],212.14
1978/10,KBP5357M,London gold price in US dollar,[object Object],227.41
1978/11,KBP5357M,London gold price in US dollar,[object Object],206.58
1978/12,KBP5357M,London gold price in US dollar,[object Object],207.86
1979/01,KBP5357M,London gold price in US dollar,[object Object],227.13
1979/02,KBP5357M,London gold price in US dollar,[object Object],245.63
1979/03,KBP5357M,London gold price in US dollar,[object Object],242.20
1979/04,KBP5357M,London gold price in US dollar,[object Object],239.17
1979/05,KBP5357M,London gold price in US dollar,[object Object],257.69
1979/06,KBP5357M,London gold price in US dollar,[object Object],279.21
1979/07,KBP5357M,London gold price in US dollar,[object Object],294.82
1979/08,KBP5357M,London gold price in US dollar,[object Object],300.81
1979/09,KBP5357M,London gold price in US dollar,[object Object],354.81
1979/10,KBP5357M,London gold price in US dollar,[object Object],391.31
1979/11,KBP5357M,London gold price in US dollar,[object Object],391.76
1979/12,KBP5357M,London gold price in US dollar,[object Object],459.38
1980/01,KBP5357M,London gold price in US dollar,[object Object],674.94
1980/02,KBP5357M,London gold price in US dollar,[object Object],665.61
1980/03,KBP5357M,London gold price in US dollar,[object Object],553.93
1980/04,KBP5357M,London gold price in US dollar,[object Object],517.06
1980/05,KBP5357M,London gold price in US dollar,[object Object],515.54
1980/06,KBP5357M,London gold price in US dollar,[object Object],600.75
1980/07,KBP5357M,London gold price in US dollar,[object Object],645.02
1980/08,KBP5357M,London gold price in US dollar,[object Object],626.75
1980/09,KBP5357M,London gold price in US dollar,[object Object],675.99
1980/10,KBP5357M,London gold price in US dollar,[object Object],661.71
1980/11,KBP5357M,London gold price in US dollar,[object Object],623.67
1980/12,KBP5357M,London gold price in US dollar,[object Object],595.82
1981/01,KBP5357M,London gold price in US dollar,[object Object],558.35
1981/02,KBP5357M,London gold price in US dollar,[object Object],500.28
1981/03,KBP5357M,London gold price in US dollar,[object Object],498.52
1981/04,KBP5357M,London gold price in US dollar,[object Object],495.51
1981/05,KBP5357M,London gold price in US dollar,[object Object],480.09
1981/06,KBP5357M,London gold price in US dollar,[object Object],459.60
1981/07,KBP5357M,London gold price in US dollar,[object Object],408.70
1981/08,KBP5357M,London gold price in US dollar,[object Object],410.20
1981/09,KBP5357M,London gold price in US dollar,[object Object],443.76
1981/10,KBP5357M,London gold price in US dollar,[object Object],437.72
1981/11,KBP5357M,London gold price in US dollar,[object Object],413.39
1981/12,KBP5357M,London gold price in US dollar,[object Object],410.11
1982/01,KBP5357M,London gold price in US dollar,[object Object],384.14
1982/02,KBP5357M,London gold price in US dollar,[object Object],374.29
1982/03,KBP5357M,London gold price in US dollar,[object Object],330.33
1982/04,KBP5357M,London gold price in US dollar,[object Object],350.32
1982/05,KBP5357M,London gold price in US dollar,[object Object],334.16
1982/06,KBP5357M,London gold price in US dollar,[object Object],314.97
1982/07,KBP5357M,London gold price in US dollar,[object Object],337.73
1982/08,KBP5357M,London gold price in US dollar,[object Object],363.82
1982/09,KBP5357M,London gold price in US dollar,[object Object],437.73
1982/10,KBP5357M,London gold price in US dollar,[object Object],422.47
1982/11,KBP5357M,London gold price in US dollar,[object Object],415.01
1982/12,KBP5357M,London gold price in US dollar,[object Object],444.53
1983/01,KBP5357M,London gold price in US dollar,[object Object],481.56
1983/02,KBP5357M,London gold price in US dollar,[object Object],492.30
1983/03,KBP5357M,London gold price in US dollar,[object Object],420.20
1983/04,KBP5357M,London gold price in US dollar,[object Object],433.03
1983/05,KBP5357M,London gold price in US dollar,[object Object],437.28
1983/06,KBP5357M,London gold price in US dollar,[object Object],412.99
1983/07,KBP5357M,London gold price in US dollar,[object Object],422.68
1983/08,KBP5357M,London gold price in US dollar,[object Object],416.22
1983/09,KBP5357M,London gold price in US dollar,[object Object],412.02
1983/10,KBP5357M,London gold price in US dollar,[object Object],393.91
1983/11,KBP5357M,London gold price in US dollar,[object Object],381.34
1983/12,KBP5357M,London gold price in US dollar,[object Object],388.20
1984/01,KBP5357M,London gold price in US dollar,[object Object],370.81
1984/02,KBP5357M,London gold price in US dollar,[object Object],385.98
1984/03,KBP5357M,London gold price in US dollar,[object Object],394.50
1984/04,KBP5357M,London gold price in US dollar,[object Object],381.37
1984/05,KBP5357M,London gold price in US dollar,[object Object],377.18
1984/06,KBP5357M,London gold price in US dollar,[object Object],377.99
1984/07,KBP5357M,London gold price in US dollar,[object Object],347.53
1984/08,KBP5357M,London gold price in US dollar,[object Object],347.68
1984/09,KBP5357M,London gold price in US dollar,[object Object],341.02
1984/10,KBP5357M,London gold price in US dollar,[object Object],340.20
1984/11,KBP5357M,London gold price in US dollar,[object Object],341.23
1984/12,KBP5357M,London gold price in US dollar,[object Object],319.89
1985/01,KBP5357M,London gold price in US dollar,[object Object],302.82
1985/02,KBP5357M,London gold price in US dollar,[object Object],299.47
1985/03,KBP5357M,London gold price in US dollar,[object Object],303.57
1985/04,KBP5357M,London gold price in US dollar,[object Object],325.08
1985/05,KBP5357M,London gold price in US dollar,[object Object],316.21
1985/06,KBP5357M,London gold price in US dollar,[object Object],316.39
1985/07,KBP5357M,London gold price in US dollar,[object Object],317.21
1985/08,KBP5357M,London gold price in US dollar,[object Object],329.96
1985/09,KBP5357M,London gold price in US dollar,[object Object],323.56
1985/10,KBP5357M,London gold price in US dollar,[object Object],325.97
1985/11,KBP5357M,London gold price in US dollar,[object Object],325.42
1985/12,KBP5357M,London gold price in US dollar,[object Object],321.85
1986/01,KBP5357M,London gold price in US dollar,[object Object],345.47
1986/02,KBP5357M,London gold price in US dollar,[object Object],338.97
1986/03,KBP5357M,London gold price in US dollar,[object Object],345.90
1986/04,KBP5357M,London gold price in US dollar,[object Object],340.58
1986/05,KBP5357M,London gold price in US dollar,[object Object],342.32
1986/06,KBP5357M,London gold price in US dollar,[object Object],342.76
1986/07,KBP5357M,London gold price in US dollar,[object Object],348.45
1986/08,KBP5357M,London gold price in US dollar,[object Object],376.44
1986/09,KBP5357M,London gold price in US dollar,[object Object],417.94
1986/10,KBP5357M,London gold price in US dollar,[object Object],423.69
1986/11,KBP5357M,London gold price in US dollar,[object Object],397.27
1986/12,KBP5357M,London gold price in US dollar,[object Object],391.26
1987/01,KBP5357M,London gold price in US dollar,[object Object],408.39
1987/02,KBP5357M,London gold price in US dollar,[object Object],401.08
1987/03,KBP5357M,London gold price in US dollar,[object Object],408.88
1987/04,KBP5357M,London gold price in US dollar,[object Object],439.01
1987/05,KBP5357M,London gold price in US dollar,[object Object],460.94
1987/06,KBP5357M,London gold price in US dollar,[object Object],449.44
1987/07,KBP5357M,London gold price in US dollar,[object Object],450.42
1987/08,KBP5357M,London gold price in US dollar,[object Object],460.77
1987/09,KBP5357M,London gold price in US dollar,[object Object],460.23
1987/10,KBP5357M,London gold price in US dollar,[object Object],465.56
1987/11,KBP5357M,London gold price in US dollar,[object Object],467.85
1987/12,KBP5357M,London gold price in US dollar,[object Object],486.60
1988/01,KBP5357M,London gold price in US dollar,[object Object],477.17
1988/02,KBP5357M,London gold price in US dollar,[object Object],442.10
1988/03,KBP5357M,London gold price in US dollar,[object Object],443.55
1988/04,KBP5357M,London gold price in US dollar,[object Object],451.56
1988/05,KBP5357M,London gold price in US dollar,[object Object],451.20
1988/06,KBP5357M,London gold price in US dollar,[object Object],451.49
1988/07,KBP5357M,London gold price in US dollar,[object Object],437.54
1988/08,KBP5357M,London gold price in US dollar,[object Object],431.17
1988/09,KBP5357M,London gold price in US dollar,[object Object],413.45
1988/10,KBP5357M,London gold price in US dollar,[object Object],406.59
1988/11,KBP5357M,London gold price in US dollar,[object Object],420.07
1988/12,KBP5357M,London gold price in US dollar,[object Object],419.15
1989/01,KBP5357M,London gold price in US dollar,[object Object],404.23
1989/02,KBP5357M,London gold price in US dollar,[object Object],387.74
1989/03,KBP5357M,London gold price in US dollar,[object Object],390.21
1989/04,KBP5357M,London gold price in US dollar,[object Object],384.56
1989/05,KBP5357M,London gold price in US dollar,[object Object],371.20
1989/06,KBP5357M,London gold price in US dollar,[object Object],367.66
1989/07,KBP5357M,London gold price in US dollar,[object Object],375.12
1989/08,KBP5357M,London gold price in US dollar,[object Object],365.35
1989/09,KBP5357M,London gold price in US dollar,[object Object],361.77
1989/10,KBP5357M,London gold price in US dollar,[object Object],366.84
1989/11,KBP5357M,London gold price in US dollar,[object Object],394.31
1989/12,KBP5357M,London gold price in US dollar,[object Object],409.52
1990/01,KBP5357M,London gold price in US dollar,[object Object],410.11
1990/02,KBP5357M,London gold price in US dollar,[object Object],416.68
1990/03,KBP5357M,London gold price in US dollar,[object Object],393.36
1990/04,KBP5357M,London gold price in US dollar,[object Object],374.59
1990/05,KBP5357M,London gold price in US dollar,[object Object],368.95
1990/06,KBP5357M,London gold price in US dollar,[object Object],352.49
1990/07,KBP5357M,London gold price in US dollar,[object Object],362.17
1990/08,KBP5357M,London gold price in US dollar,[object Object],394.79
1990/09,KBP5357M,London gold price in US dollar,[object Object],389.44
1990/10,KBP5357M,London gold price in US dollar,[object Object],381.04
1990/11,KBP5357M,London gold price in US dollar,[object Object],381.80
1990/12,KBP5357M,London gold price in US dollar,[object Object],377.55
1991/01,KBP5357M,London gold price in US dollar,[object Object],384.11
1991/02,KBP5357M,London gold price in US dollar,[object Object],363.79
1991/03,KBP5357M,London gold price in US dollar,[object Object],363.36
1991/04,KBP5357M,London gold price in US dollar,[object Object],358.29
1991/05,KBP5357M,London gold price in US dollar,[object Object],356.98
1991/06,KBP5357M,London gold price in US dollar,[object Object],366.54
1991/07,KBP5357M,London gold price in US dollar,[object Object],367.85
1991/08,KBP5357M,London gold price in US dollar,[object Object],356.40
1991/09,KBP5357M,London gold price in US dollar,[object Object],348.60
1991/10,KBP5357M,London gold price in US dollar,[object Object],358.76
1991/11,KBP5357M,London gold price in US dollar,[object Object],360.09
1991/12,KBP5357M,London gold price in US dollar,[object Object],361.54
1992/01,KBP5357M,London gold price in US dollar,[object Object],354.55
1992/02,KBP5357M,London gold price in US dollar,[object Object],353.88
1992/03,KBP5357M,London gold price in US dollar,[object Object],344.49
1992/04,KBP5357M,London gold price in US dollar,[object Object],338.58
1992/05,KBP5357M,London gold price in US dollar,[object Object],337.15
1992/06,KBP5357M,London gold price in US dollar,[object Object],340.79
1992/07,KBP5357M,London gold price in US dollar,[object Object],352.59
1992/08,KBP5357M,London gold price in US dollar,[object Object],343.35
1992/09,KBP5357M,London gold price in US dollar,[object Object],345.36
1992/10,KBP5357M,London gold price in US dollar,[object Object],344.33
1992/11,KBP5357M,London gold price in US dollar,[object Object],334.97
1992/12,KBP5357M,London gold price in US dollar,[object Object],334.63
1993/01,KBP5357M,London gold price in US dollar,[object Object],329.00
1993/02,KBP5357M,London gold price in US dollar,[object Object],329.31
1993/03,KBP5357M,London gold price in US dollar,[object Object],330.03
1993/04,KBP5357M,London gold price in US dollar,[object Object],342.05
1993/05,KBP5357M,London gold price in US dollar,[object Object],366.39
1993/06,KBP5357M,London gold price in US dollar,[object Object],371.91
1993/07,KBP5357M,London gold price in US dollar,[object Object],392.12
1993/08,KBP5357M,London gold price in US dollar,[object Object],378.88
1993/09,KBP5357M,London gold price in US dollar,[object Object],355.35
1993/10,KBP5357M,London gold price in US dollar,[object Object],364.09
1993/11,KBP5357M,London gold price in US dollar,[object Object],373.88
1993/12,KBP5357M,London gold price in US dollar,[object Object],383.37
1994/01,KBP5357M,London gold price in US dollar,[object Object],386.99
1994/02,KBP5357M,London gold price in US dollar,[object Object],381.78
1994/03,KBP5357M,London gold price in US dollar,[object Object],384.06
1994/04,KBP5357M,London gold price in US dollar,[object Object],377.59
1994/05,KBP5357M,London gold price in US dollar,[object Object],381.29
1994/06,KBP5357M,London gold price in US dollar,[object Object],385.68
1994/07,KBP5357M,London gold price in US dollar,[object Object],385.46
1994/08,KBP5357M,London gold price in US dollar,[object Object],380.41
1994/09,KBP5357M,London gold price in US dollar,[object Object],391.46
1994/10,KBP5357M,London gold price in US dollar,[object Object],389.97
1994/11,KBP5357M,London gold price in US dollar,[object Object],384.38
1994/12,KBP5357M,London gold price in US dollar,[object Object],379.56
1995/01,KBP5357M,London gold price in US dollar,[object Object],378.82
1995/02,KBP5357M,London gold price in US dollar,[object Object],376.71
1995/03,KBP5357M,London gold price in US dollar,[object Object],381.97
1995/04,KBP5357M,London gold price in US dollar,[object Object],391.18
1995/05,KBP5357M,London gold price in US dollar,[object Object],385.23
1995/06,KBP5357M,London gold price in US dollar,[object Object],387.59
1995/07,KBP5357M,London gold price in US dollar,[object Object],386.19
1995/08,KBP5357M,London gold price in US dollar,[object Object],383.55
1995/09,KBP5357M,London gold price in US dollar,[object Object],383.01
1995/10,KBP5357M,London gold price in US dollar,[object Object],383.17
1995/11,KBP5357M,London gold price in US dollar,[object Object],385.27
1995/12,KBP5357M,London gold price in US dollar,[object Object],387.42
1996/01,KBP5357M,London gold price in US dollar,[object Object],399.07
1996/02,KBP5357M,London gold price in US dollar,[object Object],404.84
1996/03,KBP5357M,London gold price in US dollar,[object Object],396.36
1996/04,KBP5357M,London gold price in US dollar,[object Object],392.86
1996/05,KBP5357M,London gold price in US dollar,[object Object],392.00
1996/06,KBP5357M,London gold price in US dollar,[object Object],385.26
1996/07,KBP5357M,London gold price in US dollar,[object Object],383.47
1996/08,KBP5357M,London gold price in US dollar,[object Object],387.43
1996/09,KBP5357M,London gold price in US dollar,[object Object],383.21
1996/10,KBP5357M,London gold price in US dollar,[object Object],380.99
1996/11,KBP5357M,London gold price in US dollar,[object Object],377.84
1996/12,KBP5357M,London gold price in US dollar,[object Object],369.18
1997/01,KBP5357M,London gold price in US dollar,[object Object],355.06
1997/02,KBP5357M,London gold price in US dollar,[object Object],346.49
1997/03,KBP5357M,London gold price in US dollar,[object Object],352.06
1997/04,KBP5357M,London gold price in US dollar,[object Object],344.59
1997/05,KBP5357M,London gold price in US dollar,[object Object],343.69
1997/06,KBP5357M,London gold price in US dollar,[object Object],340.83
1997/07,KBP5357M,London gold price in US dollar,[object Object],323.94
1997/08,KBP5357M,London gold price in US dollar,[object Object],323.95
1997/09,KBP5357M,London gold price in US dollar,[object Object],322.72
1997/10,KBP5357M,London gold price in US dollar,[object Object],324.86
1997/11,KBP5357M,London gold price in US dollar,[object Object],306.19
1997/12,KBP5357M,London gold price in US dollar,[object Object],288.96
1998/01,KBP5357M,London gold price in US dollar,[object Object],289.18
1998/02,KBP5357M,London gold price in US dollar,[object Object],297.62
1998/03,KBP5357M,London gold price in US dollar,[object Object],295.91
1998/04,KBP5357M,London gold price in US dollar,[object Object],308.42
1998/05,KBP5357M,London gold price in US dollar,[object Object],299.45
1998/06,KBP5357M,London gold price in US dollar,[object Object],292.29
1998/07,KBP5357M,London gold price in US dollar,[object Object],292.87
1998/08,KBP5357M,London gold price in US dollar,[object Object],283.68
1998/09,KBP5357M,London gold price in US dollar,[object Object],288.82
1998/10,KBP5357M,London gold price in US dollar,[object Object],296.26
1998/11,KBP5357M,London gold price in US dollar,[object Object],294.18
1998/12,KBP5357M,London gold price in US dollar,[object Object],291.00
1999/01,KBP5357M,London gold price in US dollar,[object Object],287.19
1999/02,KBP5357M,London gold price in US dollar,[object Object],287.41
1999/03,KBP5357M,London gold price in US dollar,[object Object],286.10
1999/04,KBP5357M,London gold price in US dollar,[object Object],282.62
1999/05,KBP5357M,London gold price in US dollar,[object Object],276.84
1999/06,KBP5357M,London gold price in US dollar,[object Object],261.36
1999/07,KBP5357M,London gold price in US dollar,[object Object],256.14
1999/08,KBP5357M,London gold price in US dollar,[object Object],256.70
1999/09,KBP5357M,London gold price in US dollar,[object Object],264.61
1999/10,KBP5357M,London gold price in US dollar,[object Object],311.14
1999/11,KBP5357M,London gold price in US dollar,[object Object],293.42
1999/12,KBP5357M,London gold price in US dollar,[object Object],283.55
2000/01,KBP5357M,London gold price in US dollar,[object Object],284.46
2000/02,KBP5357M,London gold price in US dollar,[object Object],300.36
2000/03,KBP5357M,London gold price in US dollar,[object Object],286.56
2000/04,KBP5357M,London gold price in US dollar,[object Object],279.83
2000/05,KBP5357M,London gold price in US dollar,[object Object],275.04
2000/06,KBP5357M,London gold price in US dollar,[object Object],285.33
2000/07,KBP5357M,London gold price in US dollar,[object Object],281.87
2000/08,KBP5357M,London gold price in US dollar,[object Object],274.45
2000/09,KBP5357M,London gold price in US dollar,[object Object],273.68
2000/10,KBP5357M,London gold price in US dollar,[object Object],270.20
2000/11,KBP5357M,London gold price in US dollar,[object Object],266.02
2000/12,KBP5357M,London gold price in US dollar,[object Object],271.79
2001/01,KBP5357M,London gold price in US dollar,[object Object],265.71
2001/02,KBP5357M,London gold price in US dollar,[object Object],261.94
2001/03,KBP5357M,London gold price in US dollar,[object Object],263.20
2001/04,KBP5357M,London gold price in US dollar,[object Object],260.65
2001/05,KBP5357M,London gold price in US dollar,[object Object],272.59
2001/06,KBP5357M,London gold price in US dollar,[object Object],270.48
2001/07,KBP5357M,London gold price in US dollar,[object Object],267.61
2001/08,KBP5357M,London gold price in US dollar,[object Object],272.67
2001/09,KBP5357M,London gold price in US dollar,[object Object],282.85
2001/10,KBP5357M,London gold price in US dollar,[object Object],283.19
2001/11,KBP5357M,London gold price in US dollar,[object Object],276.21
2001/12,KBP5357M,London gold price in US dollar,[object Object],275.89
2002/01,KBP5357M,London gold price in US dollar,[object Object],281.64
2002/02,KBP5357M,London gold price in US dollar,[object Object],295.59
2002/03,KBP5357M,London gold price in US dollar,[object Object],294.20
2002/04,KBP5357M,London gold price in US dollar,[object Object],302.75
2002/05,KBP5357M,London gold price in US dollar,[object Object],314.55
2002/06,KBP5357M,London gold price in US dollar,[object Object],321.86
2002/07,KBP5357M,London gold price in US dollar,[object Object],313.43
2002/08,KBP5357M,London gold price in US dollar,[object Object],309.96
2002/09,KBP5357M,London gold price in US dollar,[object Object],318.97
2002/10,KBP5357M,London gold price in US dollar,[object Object],316.65
2002/11,KBP5357M,London gold price in US dollar,[object Object],319.16
2002/12,KBP5357M,London gold price in US dollar,[object Object],333.21
2003/01,KBP5357M,London gold price in US dollar,[object Object],356.85
2003/02,KBP5357M,London gold price in US dollar,[object Object],359.27
2003/03,KBP5357M,London gold price in US dollar,[object Object],341.06
2003/04,KBP5357M,London gold price in US dollar,[object Object],328.19
2003/05,KBP5357M,London gold price in US dollar,[object Object],355.54
2003/06,KBP5357M,London gold price in US dollar,[object Object],356.65
2003/07,KBP5357M,London gold price in US dollar,[object Object],350.89
2003/08,KBP5357M,London gold price in US dollar,[object Object],359.55
2003/09,KBP5357M,London gold price in US dollar,[object Object],378.90
2003/10,KBP5357M,London gold price in US dollar,[object Object],379.01
2003/11,KBP5357M,London gold price in US dollar,[object Object],390.05
2003/12,KBP5357M,London gold price in US dollar,[object Object],407.79
2004/01,KBP5357M,London gold price in US dollar,[object Object],414.14
2004/02,KBP5357M,London gold price in US dollar,[object Object],404.80
2004/03,KBP5357M,London gold price in US dollar,[object Object],406.58
2004/04,KBP5357M,London gold price in US dollar,[object Object],403.46
2004/05,KBP5357M,London gold price in US dollar,[object Object],384.52
2004/06,KBP5357M,London gold price in US dollar,[object Object],392.17
2004/07,KBP5357M,London gold price in US dollar,[object Object],398.27
2004/08,KBP5357M,London gold price in US dollar,[object Object],400.73
2004/09,KBP5357M,London gold price in US dollar,[object Object],405.29
2004/10,KBP5357M,London gold price in US dollar,[object Object],420.34
2004/11,KBP5357M,London gold price in US dollar,[object Object],439.22
2004/12,KBP5357M,London gold price in US dollar,[object Object],442.50
2005/01,KBP5357M,London gold price in US dollar,[object Object],424.21
2005/02,KBP5357M,London gold price in US dollar,[object Object],423.39
2005/03,KBP5357M,London gold price in US dollar,[object Object],434.22
2005/04,KBP5357M,London gold price in US dollar,[object Object],429.11
2005/05,KBP5357M,London gold price in US dollar,[object Object],422.20
2005/06,KBP5357M,London gold price in US dollar,[object Object],430.64
2005/07,KBP5357M,London gold price in US dollar,[object Object],424.61
2005/08,KBP5357M,London gold price in US dollar,[object Object],437.73
2005/09,KBP5357M,London gold price in US dollar,[object Object],455.99
2005/10,KBP5357M,London gold price in US dollar,[object Object],470.01
2005/11,KBP5357M,London gold price in US dollar,[object Object],476.67
2005/12,KBP5357M,London gold price in US dollar,[object Object],509.32
2006/01,KBP5357M,London gold price in US dollar,[object Object],549.65
2006/02,KBP5357M,London gold price in US dollar,[object Object],555.61
2006/03,KBP5357M,London gold price in US dollar,[object Object],556.95
2006/04,KBP5357M,London gold price in US dollar,[object Object],611.56
2006/05,KBP5357M,London gold price in US dollar,[object Object],674.75
2006/06,KBP5357M,London gold price in US dollar,[object Object],597.29
2006/07,KBP5357M,London gold price in US dollar,[object Object],633.40
2006/08,KBP5357M,London gold price in US dollar,[object Object],631.58
2006/09,KBP5357M,London gold price in US dollar,[object Object],599.60
2006/10,KBP5357M,London gold price in US dollar,[object Object],586.21
2006/11,KBP5357M,London gold price in US dollar,[object Object],627.33
2006/12,KBP5357M,London gold price in US dollar,[object Object],629.56
2007/01,KBP5357M,London gold price in US dollar,[object Object],630.76
2007/02,KBP5357M,London gold price in US dollar,[object Object],664.92
2007/03,KBP5357M,London gold price in US dollar,[object Object],655.53
2007/04,KBP5357M,London gold price in US dollar,[object Object],679.36
2007/05,KBP5357M,London gold price in US dollar,[object Object],667.44
2007/06,KBP5357M,London gold price in US dollar,[object Object],655.60
2007/07,KBP5357M,London gold price in US dollar,[object Object],665.28
2007/08,KBP5357M,London gold price in US dollar,[object Object],664.50
2007/09,KBP5357M,London gold price in US dollar,[object Object],711.42
2007/10,KBP5357M,London gold price in US dollar,[object Object],754.54
2007/11,KBP5357M,London gold price in US dollar,[object Object],807.51
2007/12,KBP5357M,London gold price in US dollar,[object Object],804.26
2008/01,KBP5357M,London gold price in US dollar,[object Object],888.69
2008/02,KBP5357M,London gold price in US dollar,[object Object],923.27
2008/03,KBP5357M,London gold price in US dollar,[object Object],969.26
2008/04,KBP5357M,London gold price in US dollar,[object Object],909.36
2008/05,KBP5357M,London gold price in US dollar,[object Object],890.40
2008/06,KBP5357M,London gold price in US dollar,[object Object],890.49
2008/07,KBP5357M,London gold price in US dollar,[object Object],940.47
2008/08,KBP5357M,London gold price in US dollar,[object Object],839.10
2008/09,KBP5357M,London gold price in US dollar,[object Object],827.27
2008/10,KBP5357M,London gold price in US dollar,[object Object],809.72
2008/11,KBP5357M,London gold price in US dollar,[object Object],759.36
2008/12,KBP5357M,London gold price in US dollar,[object Object],820.34
2009/01,KBP5357M,London gold price in US dollar,[object Object],858.21
2009/02,KBP5357M,London gold price in US dollar,[object Object],941.46
2009/03,KBP5357M,London gold price in US dollar,[object Object],925.13
2009/04,KBP5357M,London gold price in US dollar,[object Object],891.28
2009/05,KBP5357M,London gold price in US dollar,[object Object],907.01
2009/06,KBP5357M,London gold price in US dollar,[object Object],946.74
2009/07,KBP5357M,London gold price in US dollar,[object Object],934.25
2009/08,KBP5357M,London gold price in US dollar,[object Object],949.61
2009/09,KBP5357M,London gold price in US dollar,[object Object],996.06
2009/10,KBP5357M,London gold price in US dollar,[object Object],1043.34
2009/11,KBP5357M,London gold price in US dollar,[object Object],1126.58
2009/12,KBP5357M,London gold price in US dollar,[object Object],1131.66
2010/01,KBP5357M,London gold price in US dollar,[object Object],1118.77
2010/02,KBP5357M,London gold price in US dollar,[object Object],1095.61
2010/03,KBP5357M,London gold price in US dollar,[object Object],1114.45
2010/04,KBP5357M,London gold price in US dollar,[object Object],1148.58
2010/05,KBP5357M,London gold price in US dollar,[object Object],1203.84
2010/06,KBP5357M,London gold price in US dollar,[object Object],1232.65
2010/07,KBP5357M,London gold price in US dollar,[object Object],1194.48
2010/08,KBP5357M,London gold price in US dollar,[object Object],1215.55
2010/09,KBP5357M,London gold price in US dollar,[object Object],1271.22
2010/10,KBP5357M,London gold price in US dollar,[object Object],1342.61
2010/11,KBP5357M,London gold price in US dollar,[object Object],1370.84
2010/12,KBP5357M,London gold price in US dollar,[object Object],1391.46
2011/01,KBP5357M,London gold price in US dollar,[object Object],1360.79
2011/02,KBP5357M,London gold price in US dollar,[object Object],1372.02
2011/03,KBP5357M,London gold price in US dollar,[object Object],1423.08
2011/04,KBP5357M,London gold price in US dollar,[object Object],1477.23
2011/05,KBP5357M,London gold price in US dollar,[object Object],1512.15
2011/06,KBP5357M,London gold price in US dollar,[object Object],1528.52
2011/07,KBP5357M,London gold price in US dollar,[object Object],1570.67
2011/08,KBP5357M,London gold price in US dollar,[object Object],1758.95
2011/09,KBP5357M,London gold price in US dollar,[object Object],1776.25
2011/10,KBP5357M,London gold price in US dollar,[object Object],1666.55
2011/11,KBP5357M,London gold price in US dollar,[object Object],1737.48
2011/12,KBP5357M,London gold price in US dollar,[object Object],1646.39
2012/01,KBP5357M,London gold price in US dollar,[object Object],1656.11
2012/02,KBP5357M,London gold price in US dollar,[object Object],1742.86
2012/03,KBP5357M,London gold price in US dollar,[object Object],1674.41
2012/04,KBP5357M,London gold price in US dollar,[object Object],1649.30
2012/05,KBP5357M,London gold price in US dollar,[object Object],1584.13
2012/06,KBP5357M,London gold price in US dollar,[object Object],1594.55
2012/07,KBP5357M,London gold price in US dollar,[object Object],1593.35
2012/08,KBP5357M,London gold price in US dollar,[object Object],1627.64
2012/09,KBP5357M,London gold price in US dollar,[object Object],1743.19
2012/10,KBP5357M,London gold price in US dollar,[object Object],1746.68
2012/11,KBP5357M,London gold price in US dollar,[object Object],1722.74
2012/12,KBP5357M,London gold price in US dollar,[object Object],1686.14
2013/01,KBP5357M,London gold price in US dollar,[object Object],1671.42
2013/02,KBP5357M,London gold price in US dollar,[object Object],1629.14
2013/03,KBP5357M,London gold price in US dollar,[object Object],1591.94
2013/04,KBP5357M,London gold price in US dollar,[object Object],1485.49
2013/05,KBP5357M,London gold price in US dollar,[object Object],1414.08
2013/06,KBP5357M,London gold price in US dollar,[object Object],1342.61
2013/07,KBP5357M,London gold price in US dollar,[object Object],1285.54
2013/08,KBP5357M,London gold price in US dollar,[object Object],1347.30
2013/09,KBP5357M,London gold price in US dollar,[object Object],1348.63
2013/10,KBP5357M,London gold price in US dollar,[object Object],1315.29
2013/11,KBP5357M,London gold price in US dollar,[object Object],1276.62
2013/12,KBP5357M,London gold price in US dollar,[object Object],1222.31
2014/01,KBP5357M,London gold price in US dollar,[object Object],1243.93
2014/02,KBP5357M,London gold price in US dollar,[object Object],1299.84
2014/03,KBP5357M,London gold price in US dollar,[object Object],1336.32
2014/04,KBP5357M,London gold price in US dollar,[object Object],1299.09
2014/05,KBP5357M,London gold price in US dollar,[object Object],1288.50
2014/06,KBP5357M,London gold price in US dollar,[object Object],1278.30
2014/07,KBP5357M,London gold price in US dollar,[object Object],1311.98
2014/08,KBP5357M,London gold price in US dollar,[object Object],1295.67
2014/09,KBP5357M,London gold price in US dollar,[object Object],1240.07
2014/10,KBP5357M,London gold price in US dollar,[object Object],1223.03
2014/11,KBP5357M,London gold price in US dollar,[object Object],1176.36
2014/12,KBP5357M,London gold price in US dollar,[object Object],1200.85
2015/01,KBP5357M,London gold price in US dollar,[object Object],1250.59
2015/02,KBP5357M,London gold price in US dollar,[object Object],1229.14
2015/03,KBP5357M,London gold price in US dollar,[object Object],1179.63
2015/04,KBP5357M,London gold price in US dollar,[object Object],1198.08
2015/05,KBP5357M,London gold price in US dollar,[object Object],1198.83
2015/06,KBP5357M,London gold price in US dollar,[object Object],1181.88
2015/07,KBP5357M,London gold price in US dollar,[object Object],1130.81
2015/08,KBP5357M,London gold price in US dollar,[object Object],1118.11
2015/09,KBP5357M,London gold price in US dollar,[object Object],1124.72
2015/10,KBP5357M,London gold price in US dollar,[object Object],1158.18
2015/11,KBP5357M,London gold price in US dollar,[object Object],1087.05
2015/12,KBP5357M,London gold price in US dollar,[object Object],1068.26
2016/01,KBP5357M,London gold price in US dollar,[object Object],1096.52
2016/02,KBP5357M,London gold price in US dollar,[object Object],1197.40
2016/03,KBP5357M,London gold price in US dollar,[object Object],1246.32
2016/04,KBP5357M,London gold price in US dollar,[object Object],1241.86
2016/05,KBP5357M,London gold price in US dollar,[object Object],1257.63
2016/06,KBP5357M,London gold price in US dollar,[object Object],1274.99
2016/07,KBP5357M,London gold price in US dollar,[object Object],1337.38
2016/08,KBP5357M,London gold price in US dollar,[object Object],1340.14
2016/09,KBP5357M,London gold price in US dollar,[object Object],1326.32
2016/10,KBP5357M,London gold price in US dollar,[object Object],1267.75
2016/11,KBP5357M,London gold price in US dollar,[object Object],1238.14
2016/12,KBP5357M,London gold price in US dollar,[object Object],1150.29
2017/01,KBP5357M,London gold price in US dollar,[object Object],1192.63
2017/02,KBP5357M,London gold price in US dollar,[object Object],1233.87
2017/03,KBP5357M,London gold price in US dollar,[object Object],1231.08
2017/04,KBP5357M,London gold price in US dollar,[object Object],1266.39
2017/05,KBP5357M,London gold price in US dollar,[object Object],1246.03
2017/06,KBP5357M,London gold price in US dollar,[object Object],1260.77
2017/07,KBP5357M,London gold price in US dollar,[object Object],1235.66
2017/08,KBP5357M,London gold price in US dollar,[object Object],1282.20
2017/09,KBP5357M,London gold price in US dollar,[object Object],1316.01
2017/10,KBP5357M,London gold price in US dollar,[object Object],1280.10
2017/11,KBP5357M,London gold price in US dollar,[object Object],1282.74
2017/12,KBP5357M,London gold price in US dollar,[object Object],1264.33
2018/01,KBP5357M,London gold price in US dollar,[object Object],1332.24
2018/02,KBP5357M,London gold price in US dollar,[object Object],1332.65
2018/03,KBP5357M,London gold price in US dollar,[object Object],1325.11
2018/04,KBP5357M,London gold price in US dollar,[object Object],1332.35
2018/05,KBP5357M,London gold price in US dollar,[object Object],1302.74
2018/06,KBP5357M,London gold price in US dollar,[object Object],1281.85
2018/07,KBP5357M,London gold price in US dollar,[object Object],1238.29
2018/08,KBP5357M,London gold price in US dollar,[object Object],1200.61
2018/09,KBP5357M,London gold price in US dollar,[object Object],1198.83
2018/10,KBP5357M,London gold price in US dollar,[object Object],1215.06
2018/11,KBP5357M,London gold price in US dollar,[object Object],1221.30
2018/12,KBP5357M,London gold price in US dollar,[object Object],1249.99
2019/01,KBP5357M,London gold price in US dollar,[object Object],1291.69
2019/02,KBP5357M,London gold price in US dollar,[object Object],1319.91
2019/03,KBP5357M,London gold price in US dollar,[object Object],1301.59
2019/04,KBP5357M,London gold price in US dollar,[object Object],1287.05
2019/05,KBP5357M,London gold price in US dollar,[object Object],1283.07
2019/06,KBP5357M,London gold price in US dollar,[object Object],1358.77
2019/07,KBP5357M,London gold price in US dollar,[object Object],1413.79
2019/08,KBP5357M,London gold price in US dollar,[object Object],1498.03
2019/09,KBP5357M,London gold price in US dollar,[object Object],1510.82
2019/10,KBP5357M,London gold price in US dollar,[object Object],1494.78
2019/11,KBP5357M,London gold price in US dollar,[object Object],1470.97
2019/12,KBP5357M,London gold price in US dollar,[object Object],1479.15
2020/01,KBP5357M,London gold price in US dollar,[object Object],1574.29
2020/02,KBP5357M,London gold price in US dollar,[object Object],1597.96
2020/03,KBP5357M,London gold price in US dollar,[object Object],1592.85
2020/04,KBP5357M,London gold price in US dollar,[object Object],1681.48
2020/05,KBP5357M,London gold price in US dollar,[object Object],1718.18
2020/06,KBP5357M,London gold price in US dollar,[object Object],1733.13
2020/07,KBP5357M,London gold price in US dollar,[object Object],1842.06
2020/08,KBP5357M,London gold price in US dollar,[object Object],1969.55
2020/09,KBP5357M,London gold price in US dollar,[object Object],1922.85
2020/10,KBP5357M,London gold price in US dollar,[object Object],1901.45
2020/11,KBP5357M,London gold price in US dollar,[object Object],1866.50
2020/12,KBP5357M,London gold price in US dollar,[object Object],1856.89
2021/01,KBP5357M,London gold price in US dollar,[object Object],1868.33
2021/02,KBP5357M,London gold price in US dollar,[object Object],1811.09
2021/03,KBP5357M,London gold price in US dollar,[object Object],1719.89
2021/04,KBP5357M,London gold price in US dollar,[object Object],1760.24
2021/05,KBP5357M,London gold price in US dollar,[object Object],1848.66
2021/06,KBP5357M,London gold price in US dollar,[object Object],1835.33
2021/07,KBP5357M,London gold price in US dollar,[object Object],1806.48
2021/08,KBP5357M,London gold price in US dollar,[object Object],1784.62
2021/09,KBP5357M,London gold price in US dollar,[object Object],1779.10
2021/10,KBP5357M,London gold price in US dollar,[object Object],1777.29
2021/11,KBP5357M,London gold price in US dollar,[object Object],1820.26
2021/12,KBP5357M,London gold price in US dollar,[object Object],1788.86
2022/01,KBP5357M,London gold price in US dollar,[object Object],1816.37
2022/02,KBP5357M,London gold price in US dollar,[object Object],1857.01
2022/03,KBP5357M,London gold price in US dollar,[object Object],1947.62
2022/04,KBP5357M,London gold price in US dollar,[object Object],1934.47
2022/05,KBP5357M,London gold price in US dollar,[object Object],1849.92
2022/06,KBP5357M,London gold price in US dollar,[object Object],1834.82
2022/07,KBP5357M,London gold price in US dollar,[object Object],1737.61
2022/08,KBP5357M,London gold price in US dollar,[object Object],1765.03
2022/09,KBP5357M,London gold price in US dollar,[object Object],1683.28
2022/10,KBP5357M,London gold price in US dollar,[object Object],1665.03
2022/11,KBP5357M,London gold price in US dollar,[object Object],1725.92
2022/12,KBP5357M,London gold price in US dollar,[object Object],1796.16
2023/01,KBP5357M,London gold price in US dollar,[object Object],1898.17
2023/02,KBP5357M,London gold price in US dollar,[object Object],1856.32
2023/03,KBP5357M,London gold price in US dollar,[object Object],1910.66
2023/04,KBP5357M,London gold price in US dollar,[object Object],1999.63
2023/05,KBP5357M,London gold price in US dollar,[object Object],1990.94
2023/06,KBP5357M,London gold price in US dollar,[object Object],1943.26
2023/07,KBP5357M,London gold price in US dollar,[object Object],1949.21
2023/08,KBP5357M,London gold price in US dollar,[object Object],1920.45
2023/09,KBP5357M,London gold price in US dollar,[object Object],1917.61
2023/10,KBP5357M,London gold price in US dollar,[object Object],1912.98
2023/11,KBP5357M,London gold price in US dollar,[object Object],1984.51
2023/12,KBP5357M,London gold price in US dollar,[object Object],2032.92
2024/01,KBP5357M,London gold price in US dollar,[object Object],2034.63
2024/02,KBP5357M,London gold price in US dollar,[object Object],2024.45
2024/03,KBP5357M,London gold price in US dollar,[object Object],2158.24
2024/04,KBP5357M,London gold price in US dollar,[object Object],2335.89
2024/05,KBP5357M,London gold price in US dollar,[object Object],2350.99
2024/06,KBP5357M,London gold price in US dollar,[object Object],2325.84
2024/07,KBP5357M,London gold price in US dollar,[object Object],2392.90
2024/08,KBP5357M,London gold price in US dollar,[object Object],2469.81
2024/09,KBP5357M,London gold price in US dollar,[object Object],2561.24
2024/10,KBP5357M,London gold price in US dollar,[object Object],2690.06
2024/11,KBP5357M,London gold price in US dollar,[object Object],2653.38
2024/12,KBP5357M,London gold price in US dollar,[object Object],2642.30
2025/01,KBP5357M,London gold price in US dollar,[object Object],2706.78
2025/02,KBP5357M,London gold price in US dollar,[object Object],2895.70
2025/03,KBP5357M,London gold price in US dollar,[object Object],2983.39
2025/04,KBP5357M,London gold price in US dollar,[object Object],3208.55
2025/05,KBP5357M,London gold price in US dollar,[object Object],3283.69
